Country,Channel Name,Category,Main Video Category,username,followers,Main topic,More topics,Likes,Boost Index,Engagement Rate,Engagement Rate 60days,Views,Views Avg.,Avg. 1 Day,Avg. 3 Day,Avg. 7 Day,Avg. 14 Day,Avg. 30 day,Avg. 60 day,Comments Avg,Youtube Link
US,Vlad và Nikita,Unknown,Entertainment,Vlad và Nikita,25300000,Lifestyle,"Music,Hobby,Lifestyle",38015965.4058577,79,1.050717915,0.169756023,16055918867,33811028.5,660250,660250,1110927,1112283.2,1857361,3977411.82352941,0,UCcOMTVILq-yIqtFmOqt-QOg
IN,Techno Gamerz,Unknown,Gaming,Techno Gamerz,27500000,Action game,"Gaming,Action game,Role-playing video game,Music,Action-adventure game",350302694.129032,20,0.262711508,0.300654301,6945063533,10295601.6666667,447485,1783978.5,3374544.33333333,5457865.33333333,7033370.27272727,7812998.57142857,32943.270967742,UCX8pnu3DYUnx8qy8V_c6oHg
US,Markiplier,Gaming & Apps,Gaming,Markiplier,33100000,Gaming,"Gaming,Action game,Role-playing video game,Action-adventure game",859070583.978982,80,0.104001857,0.109912599,18502660860,3858356.5,,1285662,1735298,2510203.66666667,2948056.82352941,3459967.95,12199.219026549,UC7_YxT-KID8kRbqZo7MyscQ
IN,SAB TV,Gaming & Apps,Entertainment,SAB TV,69300000,Entertainment,"Entertainment,TV shows,Movies",109283010.678162,70,0.002536362,0.003490035,80431073293,160502.897744041,72827.25,112895.188034188,140187.537313433,143057.956097561,216374.806818182,239781.155187446,77.124992901,UC6-F5tO8uklgE9Zy8IvbdFw
Unknown,Ed Sheeran,Music,Music,Ed Sheeran,52100000,Hip hop music,"Music,Hip hop music,Pop music,Rock music",97976609.8,82,0.424189408,0.027331229,27642363836,17368940.5,,,,,,1019705.6,9184.475,UC0C-w0YjGpqDXGB8IHb662A
IN,Aaj Tak,Gaming & Apps,News & Politics,Aaj Tak,52300000,Society,Society,204913414.410268,67,0.002471868,0.001271688,19574295579,68319.622638126,32979.651933702,35508.872549020,38195.909090909,44029.790598291,75312.649700599,65271.837083708,159.212370947,UCt4t-jeY85JegMlZ-E5UWtA
US,rezendeevil,Gaming & Apps,Gaming,rezendeevil,29600000,Technology,"Lifestyle,Technology",924433049.726815,78,0.026044129,0.016931530,12562836296,906547.163888889,82099.5,100924,178473.875,257987.333333333,381732.53125,419113.774193548,1917.941289240,UCbTVTephX30ZhQF5zwFppBg
US,Smosh,Gaming & Apps,Comedy,Smosh,25000000,Entertainment,"Entertainment,Lifestyle,Movies",63423871.8924731,82,0.054978010,0.018322223,10167665364,1668707.5,,191825,226571,221784.333333333,293990.923076923,408676.892857143,2467.537634409,UCY30JRSgfhYXA6i6xX1erWg
US,LooLoo Kids - Nursery Rhymes and Children's Songs,Music,Music,LooLoo Kids - Nursery Rhymes and Children's Songs,49400000,Entertainment,"Music,Movies,Entertainment",25323367.1528662,66,0.232845666,0.019711646,28700714072,18526700.5,,62846,206363.5,176466.625,371785.136363636,927003.6,29.627388535,UC4NALVCmcmL5ntpV0thoH6w
PR,Ozuna,Gaming & Apps,Music,Ozuna,35100000,Hip hop music,"Music,Hip hop music,Electronic music,Music of Latin America,Pop music",54789654.8690476,74,1.413863831,0.011736924,20871652286,57492026.25,0,0,0,0,0,0,12041.547619048,UCjIA3wwhi0QjSOXAZwOXbPA
TH,Ch3Thailand,None,Entertainment,Ch3Thailand,31200000,Entertainment,"Entertainment,TV shows,Movies",63299814.3598016,70,0.004420955,2.836190936e-05,19837406735,148991.965561201,0,0,0,0,0,0,46.316830567,UC48h7Dst_hX82HxOf3xJw_w
KR,BLACKPINK,Gaming & Apps,People & Blogs,BLACKPINK,75100000,Music,"Entertainment,Music of Asia,Music,Pop music",617573971.966527,69,0.547490564,0.065258318,24247825120,17409820,,,,,,3201574,135847.30125523,UCOmHUn--16B90oW2L6FRR3A
US,MrBeast,Gaming & Apps,Entertainment,MrBeast,98100000,Lifestyle,"Entertainment,Lifestyle,Technology",1731833460.85263,60,0.729209550,0.570270225,16242634269,98762497.25,,,29941021,29941021,29941021,53434733,113432.373684211,UCX6OQ3DkcsbYNE6H8uQQuVA
PH,GMANetwork,Unknown,TV shows,GMANetwork,26900000,TV shows,"Entertainment,TV shows,Movies",95213545.1869723,82,0.002196694,0.002348604,25604805615,92213.3,31436.296296296,41574.212962963,45189.850746269,45189.850746269,45184.349514563,62285.495621716,35.874547648,UCKL5hAuzgFQsyrsQKgU0Qng
IN,T-Series Apna Punjab,Gaming & Apps,Music,T-Series Apna Punjab,32000000,Music,"Music,Music of Asia",90640279.523848,66,0.036435724,0.011985001,18718057901,1076795.57696078,8860.333333333,224061.875,200608.35,247945.025641026,275649.033333333,368579.058823529,747.388843977,UCcvNYxWXR_5TjVK7cSCdW-g
KW,AboFlah,Unknown,Gaming,AboFlah,25900000,Gaming,"Gaming,Action game,Action-adventure game,Role-playing video game",364937178.254237,40,0.214337591,0.212722238,3512893392,7485437.5,,,4066882.5,3680625.5,4213970.625,4806892.375,35452.389830508,UCqq5n-Oe-r1EEHI3yvhVJcA
IN,infobells - Telugu,Gaming & Apps,Education,infobells - Telugu,26100000,Entertainment,"Music,Movies,Entertainment",10179286.7137255,60,0.260695404,0.031662905,13297351906,3496057,,31393,31393,253199.5,740506,801919.222222222,13.164705882,UCHvoq_rGmOKJKGId1nD1V4Q
BR,GR6 EXPLODE,Music,Music,GR6 EXPLODE,37500000,Music of Latin America,"Music of Latin America,Hip hop music,Music",245579644.718483,75,0.077993528,0.019407633,23660684066,1665857.18181818,62466,70089.666666667,98606.571428571,336731.428571429,363677.772727273,667434.634146341,1047.185363248,UCNUQK9mQoqi4yNXw2_Rj6SA
Unknown,TEDx Talks,None,Nonprofits & Activism,TEDx Talks,35400000,Knowledge,"Society,Lifestyle,Knowledge",14380162.5809308,75,0.000260992,7.451865193e-05,6555696786,680.606455832,455.616279070,703.047337278,1514.183168317,2973.298672566,2508.608,2553.057256991,6.696834708,UCsT0YIqwnpJCM-mx7-gSA4Q
US,व्लाद और निकिता,Unknown,Entertainment,व्लाद और निकिता,25500000,Lifestyle,"Hobby,Lifestyle",29021658.2065217,1,0.583467514,0.053745590,15541923143,17177309.5,8062,8062,544836.666666667,608384.2,894343.9,1300580.85,0,UCUMxxg0KvWiSWHUXRPpnKzw
Unknown,Taylor Swift,Gaming & Apps,Music,Taylor Swift,46800000,Music,"Music,Pop music",22039543.26,60,0.092574450,0.002608206,25296371488,3935723,0,0,0,0,0,0,5452.68,UCqECaJ8Gagnn7YCbPEzWH6g
IN,Colors TV,Gaming & Apps,Entertainment,Colors TV,53400000,Movies,"TV shows,Movies,Entertainment",182929448.024766,73,0.004375592,0.001515210,50613413464,298656.935714286,73708.5,76024.619047619,78609.059701493,78609.059701493,78609.059701493,78609.059701493,93.516313933,UC55IWqFLDH1Xp7iu1_xknRA
Unknown,LosPolinesios,Beauty & Fashion,People & Blogs,LosPolinesios,25400000,Technology,"Lifestyle,Technology",139004885.297468,74,0.190015552,0.088973748,6991512884,6840580.25,,714276,1003759.5,1410764.66666667,2109181.83333333,2048882.625,17180.436708861,UCs8qka8tfhdc69wzXYdtZ3A
Unknown,Rihanna,Fashion,Entertainment,Rihanna,39400000,Music,"Music,Pop music",1205009.12,42,0.028029583,0.000408233,19885240007,846463,0,0,0,0,0,0,831.1,UCcgqSM4YEo5vVQpqwN-MaNw
IN,Goldmines Gaane Sune Ansune,Gaming & Apps,Music,Goldmines Gaane Sune Ansune,33800000,Music of Asia,"Music,Movies,Music of Asia,Entertainment",3356772.55843469,63,0.008749589,0.005976862,13932481911,143054.414285714,5318.666666667,31948.727272727,37739.703703704,49622.208333333,116277.087912088,193126.227272727,38.607086198,UCtW7qWjpCZ8zps-Cf2NF26w
BR,Marília Mendonça,Gaming & Apps,Music,Marília Mendonça,24600000,Music of Latin America,"Music of Latin America,Music,Pop music",90087647.6923077,71,5.428497421,0.033836693,16185158471,205450048,0,0,0,0,0,0,13404.038461538,UCwfEOn0O1DWcyTgzVVu28ig
IN,Goldmines Telefilms,None,Film & Animation,Goldmines Telefilms,72000000,Movies,"Entertainment,Movies",63642295.5590551,69,0.022443868,0.006294404,17652030516,850610.166203552,83611.5,104979.638888889,86986.75,89256.875,201000.322128852,435703.146919431,495.476870079,UCyoXW-Dse7fURq30EWl_CUA
Unknown,Bruno Mars,Music,Music,Bruno Mars,35100000,Rhythm and blues,"Music,Rhythm and blues,Hip hop music,Pop music",82066537.66,80,2.739238555,0.029151866,17193624383,42594367,,,,,,149680,27503.7,UCoUM-UJ7rirJYP8CQ0EIaHA
KR,ibighit,Music,Music,ibighit,67300000,Music,"Entertainment,Music of Asia,Music,Pop music",636497162.103953,72,0.146919052,0.098744402,23493409219,2975123.59375,1638377.5,3204908.25,6485276,4541104.94444444,5417138.3125,5859925.74603175,98952.067349927,UC3IZKseVpdzPSBaWxBxundA
US,Masha and The Bear,Music,Entertainment,Masha and The Bear,34400000,TV shows,"Entertainment,TV shows,Movies",19163112.5056726,63,0.140559935,0.076227057,18886570104,5243045.16666667,,640948.5,847750,1058672.25,1972177.46666667,2601193.25,5.335494327,UCu59yAFE8fM0sVNTipR4edw
US,Talking Tom,None,Comedy,Talking Tom,27800000,Movies,"Movies,TV shows,Entertainment",28574803.5810811,69,0.750048335,0.023234481,13777477487,13019389,,,,1235582,568718.4,580975.065217391,148.045045045,UCm3hAp1m1xlAz0ve_EKAo4g
ES,Las Ratitas,LifeStyle,Entertainment,Las Ratitas,24500000,Hobby,"Hobby,Lifestyle,Entertainment",25734650.1415094,52,0.808332664,0.025626422,9186925718,21945871.5,,,,,,503026,0,UCUY6t_N9MyEWu6I0ZXkbtKA
BR,Luccas Neto,Beauty & Fashion,People & Blogs,Luccas Neto,37500000,Lifestyle,"Entertainment,TV shows,Lifestyle,Movies",156622828.817329,75,0.120270826,0.021377832,20208165033,6212180.3625,,196756,401265,374630.333333333,463936.571428571,716551.137931034,364.954512635,UC_gV70G_Y51LTa3qhu8KiEA
IN,T-Series Bhakti Sagar,Gaming & Apps,Music,T-Series Bhakti Sagar,51300000,Music,"Music,Music of Asia",27470145.636769,68,0.005713600,0.000698178,23663272345,57639.067596154,3746.666666667,11400.545454545,17000.305555556,22836.988764045,27206.469945355,34544.424929178,109.444794125,UCaayLD9i5x4MmIoVZxXSv_g
IN,Shemaroo,Music,Entertainment,Shemaroo,38200000,Movies,"Entertainment,TV shows,Movies",19334895.5992366,69,0.011851203,0.009152598,20326343958,292699.608299595,472591.75,242466.5,182415.605263158,318176.916666667,389478.348571429,347564.37755102,51.645176695,UCF1JIbMUs6uqoZEY1Haw0GQ
IN,Saregama Music,Gaming & Apps,Music,Saregama Music,29200000,Music of Asia,"Music,Music of Asia",41491719.4775862,57,0.024864432,0.028985243,11819860122,48706.466666667,7734.25,16775.571428571,26098.96,66459.697674419,1054276.5,835447.413333333,545.833448276,UC_A7K2dXFsTMAciGmnNxy-Q
CA,xoxxxoooxo,Gaming & Apps,Music,xoxxxoooxo,28600000,Electronic music,"Music,Rhythm and blues,Hip hop music,Electronic music,Pop music,Soul music",18425347.5466667,25,0.319510774,0.086576006,18863047171,8189141.75,,,,,2297914,2297914,6009.72,UC0WP5P-ufpRfjbNrmOWwLBQ
IN,Worldwide Records Bhojpuri,Gaming & Apps,Music,Worldwide Records Bhojpuri,28100000,Music of Asia,"Music,Movies,Music of Asia",40014250.2039247,59,0.035607975,0.019381317,14212409251,117362.642857143,90344,60845.25,78364.857142857,227342.571428571,515795.2,533375.369047619,501.053566693,UCbomPUMyPHCgrqD5iYnzj1A
Unknown,El Reino Infantil,Music,Music,El Reino Infantil,50900000,Entertainment,"Music,Movies,Entertainment",11453139.0970874,75,0.068281181,0.012373820,49013318189,2628394.49285714,186470,82779.333333333,76331.8,104096.272727273,316959.869565217,603554.863636364,8.461165049,UCK1i2UviaXLUNrZlAFpw_jA
IN,SET India,Gaming & Apps,Shows,SET India,137000000,Movies,"Entertainment,TV shows,Music,Movies",174875242.595007,79,0.001206270,0.002365693,121741739317,109572.878362403,,586040,280127.636363636,343788.133333333,353601.857142857,322033.610169491,76.244316351,UCpEhnqL0y41EpW2TvWAHD7Q
US,Diana and Roma ESP,Unknown,Entertainment,Diana and Roma ESP,25600000,Lifestyle,"Hobby,Lifestyle,Entertainment",18259274.3967936,72,0.336740497,0.107658362,9951799519,7731874,,453704,712886,919497.666666667,1923808.57142857,2707562.46666667,0,UCqNmJfc7RgMU6hTxOOuCYHQ
IN,Sony Music India,Music,Music,Sony Music India,51600000,Pop music,"Music,Music of Asia,Pop music",406235612.408654,74,0.160503022,0.023334857,24301972405,3160971.33333333,121123.5,198616.8,198282,947168.842105263,915714.279069767,1065197.64634146,7214.261217949,UC56gTxNs4f9xZ7Pa2i5xNzg
US,SSSniperWolf,Gaming & Apps,Gaming,SSSniperWolf,32100000,Technology,"Lifestyle,Technology",457491408.882764,72,0.165531014,0.142746843,19920579023,7140997.94444444,,1979735.5,2885226.33333333,3409633.69230769,3898121.35714286,4420192.82758621,12620.267857143,UCpB959t8iPrxQWj7G6n0ctQ
IN,Speed Records,Gaming & Apps,Music,Speed Records,40500000,Music of Asia,"Music of Asia,Music",155670991.229087,70,0.027481222,0.005024387,24158005861,155542.611304348,11633,27105.666666667,77903.65,73897.291666667,170820.402777778,186988.784,1219.038022814,UCOsyDsO5tIt-VZ1iwjdQmew
US,Mikecrack,Gaming & Apps,Gaming,Mikecrack,32200000,Action-adventure game,"Entertainment,Gaming,Action game,Role-playing video game,Music,Action-adventure game",519363095.778641,59,0.262763557,0.132774262,13382965827,10452367.625,473548,1763420.66666667,2888305.16666667,3914228.33333333,3513790.59090909,3950218,19245.687378641,UCqJ5zFEED1hWs0KNQCQuYdQ
US,Super JoJo - Nursery Rhymes & Kids Songs,Unknown,Education,Super JoJo - Nursery Rhymes & Kids Songs,24400000,Movies,"Music,Movies,Entertainment",2809022.95023697,60,0.432924221,0.026791734,994418044,10957848,225979,175767,392456.857142857,510356.071428571,609104.037037037,609104.037037037,26.613744076,UCHN9P-CQVBQ1ba8o1NQJVCA
US,Post Malone,Gaming & Apps,Music,Post Malone,24000000,Music,"Music,Hip hop music,Pop music",16471431.9482759,57,1.529447527,0.069076846,12252459767,14483462,,,,106681,1860830.5,1310594,11098.637931034,UCeLHszkByNZtPKcaVXOCOQQ
Unknown,The Late Late Show with James Corden,None,Entertainment,The Late Late Show with James Corden,27800000,Entertainment,"Movies,TV shows,Entertainment",120693574.317818,77,0.021180724,0.014508379,9944185112,298809.988888889,18844,27585.666666667,70651.9,138852.414634146,609482.514705882,380037.546583851,1051.824727273,UCJ0uqCI0Vqr2Rrt1HseGirg
CA,WatchMojo.com,None,Entertainment,WatchMojo.com,24500000,Entertainment,"Entertainment,TV shows,Movies",89134391.8423841,79,0.007191424,0.004520657,15567059078,196718.965384615,26309.375,56216.173913043,66655.632653061,74661.979166667,95399.080808081,106078.888252149,671.341280353,UCaWd5_7JhbQBe4dknZhsHJg
Unknown,Beyoncé,Gaming & Apps,Music,Beyoncé,24700000,Music,"Music,Hip hop music,Pop music",18180958.4,32,0.125046617,0.003336837,15529923941,1249949,0,0,0,0,0,0,4053.68,UCuHzBCaKmtaLcRAOoazhCPA
US,BabyBus - Kids Songs and Cartoons,Gaming & Apps,Education,BabyBus - Kids Songs and Cartoons,29000000,Entertainment,"Music,Movies,Entertainment",39616801.4271845,39,0.197261578,0.078111666,23518466796,7210520.79166667,13621,13621,955081,749431.857142857,1088000.625,2235514.35294118,12.949838188,UCpYye8D5fFMUPf9nSfgd4bA
IN,ChuChu TV Nursery Rhymes & Kids Songs,Music,Education,ChuChu TV Nursery Rhymes & Kids Songs,57100000,Movies,"Music,Movies,Entertainment",31942735,78,0.282754007,0.027715732,38747673464,14184379.75,144947,144947,175419,300547.2,850792.833333333,1518682.79310345,0.05,UCBnZ16ahKA2DZ_T5W0FPUXg
IN,Tips Official,Gaming & Apps,Music,Tips Official,52000000,Music,"Music,Music of Asia",35849829.852071,67,0.051705903,0.014652634,27298793597,711603.375,90341,672895,388348.333333333,490603.411764706,600848.274193548,748163.49137931,655.464497041,UCJrDMFOdv1I2k8n9oK_V21w
US,Genevieve's Playhouse - Learning Videos for Kids,Gaming & Apps,Film & Animation,Genevieve's Playhouse - Learning Videos for Kids,26000000,Lifestyle,"Hobby,Lifestyle,Entertainment",27886047.5675676,60,0.901125515,0.025514716,18050272220,31740756,,,47890,194846.5,194846.5,614968.666666667,0.662162162,UCK5Q72Uyo73uRPk8PmM2A3w
BR,Felipe Neto,Gaming & Apps,Entertainment,Felipe Neto,44200000,Entertainment,"Entertainment,Gaming,Lifestyle,Movies",763318296.964,79,0.045004386,0.028200049,15287605140,2639779.76923077,479430,608169.428571429,851860.727272727,866177.37037037,1027319.0754717,1014900.59633028,10482.121333333,UCV306eHqgo0LvBf3Mh36AHg
GB,NoCopyrightSounds,Music,Entertainment,NoCopyrightSounds,32500000,Electronic music,"Music,Electronic music",49790905.3183391,78,0.049580599,0.015746986,10341586393,1785483,124279,124279,229200.25,275291.857142857,367663.357142857,464329.481481481,2100.648788927,UC_aEa8K-EOJ3D6gOs7HcyNg
IN,Rajshri,Gaming & Apps,Entertainment,Rajshri,30000000,Movies,"Movies,Entertainment",4584371.6717496,69,0.009540145,0.000848972,13085061444,62705.111111111,9033,16427.5,25447.714285714,22456.321428571,45200.606060606,22898.03125,44.760834671,UCEKWXRsfUHkan-D_ljU8Asw
CA,Justin Bieber,Gaming & Apps,Music,Justin Bieber,69400000,Music,"Music,Hip hop music,Pop music,Rhythm and blues",39350061.9416667,46,0.077374732,0.008874087,28347084231,6148176.5,,,,,,448905.5,7644.166666667,UCIwFjwMjI0y7PDBVEO9-bkQ
US,MrBeast Gaming,Unknown,Strategy video game,MrBeast Gaming,27800000,Strategy video game,"Gaming,Action game,Role-playing video game,Action-adventure game,Strategy video game",95375135.9457364,71,0.955674773,0.489595752,4744307587,35412960.5,,,6828453,6828453,10186832.5,12828550.6666667,54156.775193798,UCIPPMRA040LQr5QPyJEbmXA
IN,KHANDESHI MOVIES,Unknown,Comedy,KHANDESHI MOVIES,31800000,Entertainment,"Humor,Movies,Entertainment",34001587.6491228,66,1.149531320,0.133165003,10567312169,43266439.5,,,,1339541,2775073.5,4037197,3274.081871345,UCP84QWij0alw4MvzqzyfOnw
Unknown,EminemMusic,Gaming & Apps,Music,EminemMusic,52600000,Hip hop music,"Entertainment,Music,Hip hop music",45500762.8529412,27,0.372195250,0.062920545,23404734521,15251728.5,,,,,2965496,2965496,16781.029411765,UCfM3zsQsOnfWNUppiycmBuw
IE,PowerKids,Gaming & Apps,Film & Animation,PowerKids,27400000,Movies,"Movies,Entertainment",9110728.83055092,30,0.072031913,0.008275056,13796737897,1037818.6,33461.333333333,78873.625,104567.909090909,128390.5,161278.935897436,202888.779527559,28.147746244,UCj-SWZSE0AmotGSQ3apROHw
US,Like Nastya ESP,Gaming & Apps,Entertainment,Like Nastya ESP,33200000,Lifestyle,"Hobby,Lifestyle,Entertainment",32867508.1849315,62,0.325030032,0.032889485,15684324409,9520566.5,,106676,87804.333333333,148983.666666667,321330.833333333,1035198.84,0.010273973,UCpEJRZdSpdVZ8vh63T9I2KQ
IN,Amit Bhadana,Unknown,Entertainment,Amit Bhadana,24000000,Entertainment,"Music,Movies,Entertainment",113983128.842105,60,1.015853086,0.055799815,2227021034,29834436,0,0,0,0,0,0,100248.5,UC_vcKmg67vjMP7ciLnSxSHQ
BR,Galinha Pintadinha,Music,Film & Animation,Galinha Pintadinha,30500000,Movies,"Music,Movies,Entertainment",53343498,74,10.584083894,0.439409557,22540668765,423923499,,,,,13943787,12541612.5,0,UCBAb_DK4GYZqZR9MFA7y2Xg
Unknown,Selena Gomez,Unknown,Entertainment,Selena Gomez,30800000,Pop music,"Music,Pop music",57934128,31,0.445962257,0.011490062,11507336712,2733389.5,0,0,0,0,0,0,10296.384615385,UCPNxhDvTcytIdvwXWAm43cA
US,Luis Fonsi,Unknown,Entertainment,Luis Fonsi,30800000,Music of Latin America,"Music,Pop music,Music of Latin America",790615.850746269,81,0.011571346,0.000943567,14382216393,243522.25,,8822.5,12586.6,12586.6,15931.875,21974.625,387.089552239,UCxoq-PAQeAdk_zyg8YS0JqA
SO,Yuya,Gaming & Apps,Howto & Style,Yuya,24900000,Lifestyle,Lifestyle,58671863.25,81,0.059937834,0.003624796,2582756055,1613594,0,0,0,0,0,0,2948.1015625,UCBNs31xysxpAGMheg8OrngA
BR,Canal KondZilla,Music,Music,Canal KondZilla,65800000,Music,"Music,Hip hop music,Music of Latin America",116511691.050035,81,0.040829350,0.006405934,36444038220,730263.321428571,9811,15391.75,21584.571428571,43921.272727273,477777.346153846,369797.341463415,1165.754052149,UCffDXn7ycAzwL2LDlbyWOTw
US,[토이푸딩] ToyPudding TV,Gaming & Apps,Entertainment,[토이푸딩] ToyPudding TV,26600000,Lifestyle,"Hobby,Lifestyle,Food",4840587.74116306,75,0.021346264,0.000639172,15550107919,296887.535714286,,,,,15105.294117647,15105.294117647,28.452679590,UCKqx9r4mrFglauNBJc1L_eg
RU,Маша и Медведь,None,Film & Animation,Маша и Медведь,38300000,Movies,"Movies,Entertainment",23751378.7434555,77,0.144793117,0.054424461,32512871141,5530571.5,,1370135,1059747.66666667,1337818.57142857,1403322.13333333,2058851.96774194,0,UCRv76wLBC73jiP7LX4C3l8Q
US,Peppa Pig - Official Channel,Gaming & Apps,Film & Animation,Peppa Pig - Official Channel,27800000,Entertainment,"Entertainment,Movies",36324747.809901,64,0.199117963,0.054514668,20700474741,6448373.825,28727,177857.75,404734.375,736606.4,1054889,1497234.31147541,1.439603960,UCAOtE1V7Ots4DjM8JLlrYgg
IN,Zee Music Company,Music,Music,Zee Music Company,85500000,Pop music,"Music of Asia,Music,Pop music",210395355.255075,76,0.029939415,0.021687586,48162039794,1106508.69333333,18710,1631243.16666667,1367778.88,1800404.03773585,2142683.91666667,1819933.24705882,1771.244269810,UCFFbwnve3yF62-tVXkTyHqg
IN,Wave Music,Music,Music,Wave Music,52800000,Music,"Entertainment,Music,Music of Asia,Movies",135816576.587896,70,0.014120939,0.010160078,36796548363,381289.233333333,,200310.5,120323.6,386048.545454545,219288.78125,528557.078947368,624.737431956,UC22nIfOTM7KLIQuFGMKzQbg
CO,J Balvin,Unknown,Music,J Balvin,33500000,Music,"Music,Hip hop music,Electronic music,Music of Latin America,Pop music",3674660,80,0.051725797,0.001467036,21301599345,1208687.5,,19130,19130,19130,19130,19130,1529.961240310,UCt-k6JwNWHMXDBGm9IYHdsg
IN,Ishtar Music,Gaming & Apps,Music,Ishtar Music,37400000,Music of Asia,"Music,Music of Asia",18094603.9978678,62,0.018621281,0.000824640,14749662467,126009.354166667,6042,15686.5,24412.5,27083.857142857,25126.583333333,26636.226415094,235.461620469,UCWi_65E_L8tQZ34C6wVAlpQ
US,YouTube Spotlight,Gaming & Apps,Entertainment,YouTube Spotlight,33200000,Lifestyle,Lifestyle,11016951.8461538,83,0.086361569,0.037476204,2696443232,1004240,2548.714285714,2548.714285714,2548.714285714,2548.714285714,283943.133333333,1218246.75,4190.598662207,UCBR8-60-B28hp2BmDPdntcQ
CL,HolaSoyGerman.,Music,Entertainment,HolaSoyGerman.,43300000,Entertainment,"Entertainment,Movies",222616795.2,59,1.018686754,0.040896609,4725838896,56337958,0,0,0,0,0,0,133934.96,UCZJ7m7EnCNodqnu5SAtg8eQ
US,PewDiePie,Gaming & Apps,Gaming,PewDiePie,111000000,Lifestyle,"Gaming,Action game,Lifestyle,Action-adventure game",2191405541.99689,88,0.063426127,0.044846075,28424113942,7718344.84722222,,,3497395,3094440.4,3620273.5,4454119.625,35839.781347150,UC-lHJZR3Gqxm24_Vd_AJ5Yw
BR,Renato Garcia,Beauty & Fashion,Entertainment,Renato Garcia,25300000,Lifestyle,"Vehicles,Lifestyle,Technology",625651148.33089,70,0.054311676,0.050617605,6792113850,1630536.1875,422286.5,531773.333333333,736109.692307692,881420.615384615,1048555.88461538,1084563.16883117,7229.669109948,UChMJkHCD2wdvSO7CMOuLR-w
US,Trap Nation,Music,Music,Trap Nation,30400000,Hip hop music,"Music,Hip hop music,Pop music,Electronic music",29263861.957529,79,0.015192013,0.003494519,13296705190,491095.75,30542,39133.5,59634,73471.25,81224.882352941,93841.181818182,433.121739130,UCa10nxShhzNrCE1o2ZOPztg
US,TaylorSwiftVEVO,Music,Music,TaylorSwiftVEVO,25900000,Music,"Music,Independent music,Pop music,Country,Christian music",91978482.6930693,83,0.736505151,0.120277221,23100088153,9994058,652935,652935,652935,652935,652935,2710300.66666667,20032.138613861,UCANLZYMidaCbLQFWXBC95Jg
CA,Super Simple Songs - Kids Songs,Music,Education,Super Simple Songs - Kids Songs,34600000,Music,"Music,Movies,Entertainment",15938779.1262136,73,0.422444051,0.084071050,36596355848,17129182.5,,,573655,1047891.5,1401346,2873643.33333333,20.024271845,UCLsooMJoIpl_7ux2jvdPB-Q
IN,T-Series,Gaming & Apps,Music,T-Series,220000000,Music of Asia,"Entertainment,Music of Asia,Music,Movies",1602680172.34643,83,0.033463131,0.010879483,195660744416,2095329.13197279,152244.833333333,2134569.625,1809830.39534884,2306178.20547945,1676329.84137931,2295416.14469453,4493.984145764,UCq-Fj5jknLsUf-MWSy4_brA
IN,MR. INDIAN HACKER,Unknown,People & Blogs,MR. INDIAN HACKER,26300000,Vehicles,"Vehicles,Lifestyle",245168516.513274,37,0.137084329,0.293409761,4480530010,4168971.3,3472638,3472638,3472638,4345155,7215870.0625,7338307.58823529,15507.884955752,UCSiDGb0MnHFGjs4E2WKvShw
IN,Total Gaming,Unknown,Gaming,Total Gaming,32900000,Gaming,"Gaming,Action game,Role-playing video game",349783527.768739,61,0.059199973,0.052604785,5868383776,2548951.28181818,237626,556569,817822.2,998954.333333333,1170182.15789474,1538007.92682927,6038.726691042,UC5c9VlYTSvBSCaoMu_GI6gQ
US,James Charles,Gaming & Apps,Entertainment,James Charles,24000000,Lifestyle,Lifestyle,182740860,61,0.406231450,0.055493731,3664440993,12810318.5,,,687561,621661.666666667,619513.4,835437.666666667,38414.745173745,UCucot-Zp428OwkyRm2I7v2Q
IN,Infobells - Hindi,Gaming & Apps,Education,Infobells - Hindi,44700000,Music,"Music,Movies,Entertainment",24257065.2,62,0.303421290,0.040972656,25062652229,7839576,42190,42190,42190,640010.5,1909057.2,1743032.77777778,68.361702128,UC1ciY6kR3yj3kaKZ6R7ewAg
Unknown,SMTOWN,Music,Music,SMTOWN,30600000,Music,"Music,Music of Asia,Pop music",855552544.801289,77,0.143992020,0.137751749,24867458876,1241215.51666667,1277444,757232.5,506174,5938753.7,4983016.73684211,3911178.17142857,31226.806659506,UCEf_Bc-KVd7onSeifS3py9g
US,Wiz Khalifa,Gaming & Apps,Music,Wiz Khalifa,26300000,Hip hop music,"Music,Hip hop music",31480236.7261905,77,0.081768314,0.007113396,12431651158,2354512.25,,,,336259,336259,129990.95,1915.940476190,UCVp3nfGRxmMadNDuVbJSk8A
TH,one31,Gaming & Apps,Entertainment,one31,34100000,Movies,"Entertainment,TV shows,Music,Movies",79115974.3800455,71,0.002468718,0.000428355,26512197849,71972.606361756,11359.125,14075.061855670,13801.815920398,13801.815920398,13755.207920792,13935.965686275,47.344336515,UC8f7MkX4MFOOJ2SerXLInCA
US,Toys and Colors,Unknown,Entertainment,Toys and Colors,36300000,Lifestyle,"Hobby,Lifestyle,Entertainment",50988592.1203007,79,0.651806885,0.094288556,40261342099,27828993.05,,397653,337525.666666667,1325536.71428571,2690516.06666667,3359176.96666667,0,UCgFXm4TI8htWmCyJ6cVPG_A
CO,toycantando,Music,Music,toycantando,25600000,Music,"Music,Movies,Entertainment",8380779.475,68,0.223392413,0.013765637,13782126464,4544787,,,78342,136960,187541.75,333861.555555556,23.583333333,UC2xjgvWb9cx5F637XjsUNxw
US,ABCkidTV - Nursery Rhymes,Gaming & Apps,Education,ABCkidTV - Nursery Rhymes,138000000,Movies,"Entertainment,Music,Movies",220990134.604534,63,0.641715698,0.116003684,133025325473,70271260.25,1837916,1837916,4891832,7052576.5,12654329.6666667,15722844.7058824,146.700251889,UCbCmjCuTUZos6Inko4u57UQ
Unknown,Shakira,Unknown,People & Blogs,Shakira,36700000,Pop music,"Music,Pop music,Music of Latin America",16923109.4117647,82,0.120258364,0.046639950,23356797129,894883.5,,,316558,316558,293879.4,1644056.14285714,2526.352941176,UCYLNGLIzMhRTi6ZOLjAPSmw
US,Dream,Unknown,Action-adventure game,Dream,29500000,Action-adventure game,"Gaming,Action game,Role-playing video game,Action-adventure game",108019743.468208,74,0.795654740,0.035430222,2617970693,34656080.75,0,0,0,0,0,0,54184.722543353,UCTkXRDQl0luXxVQrRQvWS6w
Unknown,News,Unknown,Unknown,News,36100000,,,0,85,,0,0,,0,0,0,0,0,0,,UCYfdidRxbB8Qhf0Nx7ioOYw
NO,Alan Walker,Music,Music,Alan Walker,42000000,Music,"Music,Pop music,Electronic music",55641776.5384615,75,0.171522746,0.022760063,11617072443,4189688.75,,,,765318,582074.666666667,768548.444444444,8457.615384615,UCJrOtniJ0-NWz37R30urifQ
TH,WorkpointOfficial,None,Entertainment,WorkpointOfficial,36800000,Entertainment,"Entertainment,TV shows,Movies",80346776.6735011,76,0.003825047,0.002535184,33437272309,91303.166203704,22960.333333333,21708.27,56645.527363184,56771.346534653,77479.05625,91899.927350427,79.842624404,UC3ZkCd7XtUREnjjt3cyY_gg
Unknown,Adele,Gaming & Apps,Music,Adele,28600000,Rhythm and blues,"Music,Rhythm and blues,Pop music",1187550,21,0.041068292,0.003163665,12498528899,1149945,0,0,0,0,0,0,4074,UCsRM0YB_dabtEPGPTKo-gcw
Unknown,Michael Jackson,Gaming & Apps,Pop music,Michael Jackson,25500000,Pop music,"Music,Rock music,Pop music,Rhythm and blues",2235904,24,0.365323448,0.013596431,12397130801,10587707.25,0,0,0,0,0,0,27294.142857143,UC5OrDvL9DscpcAstz7JnQGA
US,BRIGHT SIDE,Science & Tech,Howto & Style,BRIGHT SIDE,43700000,Lifestyle,"Entertainment,Lifestyle,Movies",36932146.7762366,68,0.011437194,0.002251436,9969944772,395681.021245059,31853,50485.571428571,50726.315789474,53092.585365854,64779.455555556,89134.581920904,950.090028788,UC4rlAVgAK0SGk-yTfe48Qpw
IN,CarryMinati,Gaming & Apps,Comedy,CarryMinati,36000000,Music,"Music,Action game,Movies,Entertainment",649801095.387097,61,1.176523668,0.106946984,2925375307,45650538,0,0,0,0,0,0,199523.467741935,UCj22tfcQrWG7EMEKS0qLeEg
US,Vlad and Niki,Unknown,Entertainment,Vlad and Niki,83500000,Hobby,"Lifestyle,Hobby",146245435.405941,82,0.976381214,0.121066269,65143080313,108949716.5,,4354700,3010898,3141540.75,6909962.375,9793168.6,0,UCvlE5gTbOvjiolFlEm-c_Ow
US,Ryan's World,Gaming & Apps,Entertainment,Ryan's World,32700000,Lifestyle,"Lifestyle,Hobby",41421384.3045587,75,0.181956682,0.035723954,51413962658,6235625.80357143,100283,181348,279319.666666667,724642.285714286,949178.785714286,1149179.92857143,10.134820563,UChGJGhZ9SOOHvBB0Y4DOO_w
AR,La Granja de Zenón,Music,Music,La Granja de Zenón,31200000,Entertainment,"Music,Movies,Entertainment",8862147.77638191,65,0.139615164,0.034036302,22499719782,4673667.25,,60916,148163.5,439132.4,687614,1045667.71428571,4.085427136,UCwpcLKMwiuPg4aqImpGk6Ew
Unknown,EminemVEVO,Music,Music,EminemVEVO,25000000,Rock music,"Music,Rock music,Hip hop music,Pop music",80282189.68,82,2.196714771,0.989234581,18613137086,52594474,,,,23861501,23861501,23861501,41712.08,UC20vb-R_px4CguHzzBPhoyQ
US,JustinBieberVEVO,Music,Music,JustinBieberVEVO,31800000,Pop music,"Music,Hip hop music,Pop music",127777643.176471,42,1.079713776,0.037848613,25156934979,14094849.25,,,,,553413,553413,26867.329411765,UCHkj014U2CQ2Nv0UZeYpE_A
IN,Wow Kidz,Gaming & Apps,Film & Animation,Wow Kidz,27600000,Entertainment,"Humor,Movies,TV shows,Entertainment",13298666.4143426,60,0.023730423,0.043413843,14736833480,588863.755555556,,24245,527084.5,441048,718734.25,1177252,9.313413015,UCN8S4CqMRy6tVKVXvs7Bzeg
Unknown,Maroon 5,Unknown,Music,Maroon 5,35700000,Music,"Music,Pop music",3395907.07142857,43,0.018714796,0.000612447,20285080239,382719,0,0,0,0,0,0,1030.571428571,UCBVjMGOIkavEAhyqpxJ73Dw
Unknown,1theK (원더케이),Music,Music,1theK (원더케이),24100000,Pop music,"Music of Asia,Music,Pop music",210214306.479112,74,0.014768137,0.004137084,22431615067,59493.506172840,69963,42618.428571429,150890,114119.34,136140.324074074,86317.104477612,810.979818365,UCweOkPb1wVVH0Q0Tlj4a5Pw
US,Nick Jr.,None,Film & Animation,Nick Jr.,24900000,Movies,"Movies,TV shows,Entertainment",9113271.34842145,58,0.026547727,0.020671402,20429943688,541040.156746032,45840.333333333,76337.222222222,114274.210526316,146453.179487179,386031.12195122,512730.764705882,16.703689616,UCUe6ZpY6TJ0no8jI4l2iLxw
US,The Tonight Show Starring Jimmy Fallon,Gaming & Apps,Comedy,The Tonight Show Starring Jimmy Fallon,29700000,TV shows,"Movies,TV shows,Entertainment",135086098.245525,79,0.017824512,0.015266559,15881598339,398666.117816092,46448,154070,232904.857142857,354807.306666667,375184.962732919,435287.587412587,843.722335232,UC8-Th83bH_thdKZDJCrn88g
MX,Luisito Comunica,Beauty & Fashion,Comedy,Luisito Comunica,39000000,Lifestyle,Lifestyle,247337977.205589,75,0.128590659,0.079792467,7572635123,6223747,,1829680,3185332,3363754.2,2632093,2867778.88,17264.924151697,UCECJDeK0MNapZbpaOzxrUPA
US,KatyPerryVEVO,Gaming & Apps,Music,KatyPerryVEVO,24800000,Pop music,"Music,Pop music",69822504.3068182,83,1.457308094,0.017384701,22561778561,28462813,0,0,0,0,0,0,22821.852272727,UC-8Q-hLdECwQmaWNwXitYDw
US,ImagineDragons,Unknown,Music,ImagineDragons,28300000,Pop music,"Independent music,Music,Rock music,Pop music",2304173.25,38,0.466151327,0.005849659,14094435442,1194245,,,102406.5,125597,127762,127762,1209.178571429,UCT9zcQNlyht7fRlcjmflRSA
US,RihannaVEVO,Gaming & Apps,Music,RihannaVEVO,25200000,Rhythm and blues,"Pop music,Rhythm and blues,Hip hop music,Music,Electronic music",102787670,41,6.431747196,0.040162226,17967902245,88722202,0,0,0,0,0,0,42393.1,UC2xskkQVFEpLcGFnNSLQY0A
Unknown,SonyMusicIndiaVEVO,Music,Music,SonyMusicIndiaVEVO,42300000,Music of Asia,"Music,Movies,Music of Asia,Pop music",117320899.876791,70,0.098932922,0.003560179,23588674274,926225,,,37575.5,25537.076923077,41691.6,111150.84375,613.191977077,UC3MLnJtqc_phABBriLRhtgQ
US,xxxtentacion,Unknown,Music,xxxtentacion,37400000,Hip hop music,"Music,Hip hop music,Pop music,Electronic music",33550305.3975904,65,0.164899632,0.038311146,9632080442,6642087.75,,,,,480777.888888889,1147972.66666667,18591.939759036,UCM9r1xn6s30OnlJWb-jc3Sw
ID,Ricis Official,Gaming & Apps,People & Blogs,Ricis Official,30200000,Lifestyle,"Music,Lifestyle",204185092.997595,61,0.058886014,0.033835009,5032113188,2081384.7968254,154633,395246,375124.714285714,565469,705652.757575758,907491.690140845,9346.104028863,UC4tS4Q_Cno5JVcIUXxQOOpA
AU,Bounce Patrol - Kids Songs,Music,Music,Bounce Patrol - Kids Songs,26200000,Music,Music,29776135.4444444,60,3.123583404,0.026447860,18680919326,74292444.75,,,117571,117571,117571,545527.333333333,0,UC56cowXhoqRWHeqfSJkIQaA
RU,Get Movies,Gaming & Apps,Shows,Get Movies,40500000,Entertainment,"Entertainment,TV shows,Movies",16319224.4044321,78,0.022610046,0.008244797,28323109702,970253.433333333,39008.5,365321.416666667,346456.05,229318.945945946,190846.983050847,329734.111111111,6.457063712,UClZkHt2kNIgyrTTPnSQV3SA
Unknown,قناة طيور الجنة | toyoraljanahtv,Music,Music,قناة طيور الجنة | toyoraljanahtv,27800000,Music,Music,0,70,0.041841294,0.007051781,25529299065,681340.333333333,2176,118466.333333333,114275,103764.272727273,147753.894736842,193923.972972973,0,UCozAuGJZ5MPoijz8IE_1Gtw
Unknown,enchufetv,None,Comedy,enchufetv,26100000,Movies,"Movies,Entertainment",71000735.2171254,79,0.057386354,0.057859034,9948293859,2002338,,185856,448684,579724,749942.416666667,1435482.92,1965.662079511,UCoGDh1Xa3kUCpok24JN5DKA
US,✿ Kids Diana Show,Gaming & Apps,Entertainment,✿ Kids Diana Show,97200000,Lifestyle,"Lifestyle,Hobby",235190437.514232,67,0.690341775,0.243853120,77340155581,86417353.25,,,7539489.5,9148087.75,14347388.625,23467097.4444444,0,UCk8GzjMOrta8yxDcKfylJYw
Unknown,WWE,Sports,Sports,WWE,89400000,Lifestyle,"Entertainment,Lifestyle,Professional wrestling,Sports,Performing arts",543800874.287162,80,0.004329158,0.003562268,69794363750,392017.697341139,98427.9375,168984.348314607,254107.748691099,260165.985754986,265323.917159763,309149.25786802,589.765972603,UCJ5v_MCY6GNUBTO8-D3XoAg
"ES
",VEGETTA777,Gaming & Apps,Gaming,VEGETTA777,33100000,Action game,"Gaming,Action game,Role-playing video game,Action-adventure game,Puzzle video game,Strategy video game",772750483.937814,81,0.034666619,0.015639595,14827595754,1431294.0297619,370641,731807.333333333,921913.5,616709.4375,456802.727272727,406745.089552239,1995.358481939,UCam8T03EOFBsNdR0thrFHdQ
IN,ashish chanchlani vines,Gaming & Apps,Comedy,ashish chanchlani vines,28400000,Entertainment,"Movies,Entertainment",384468858.666667,61,1.656636785,0.095398034,4009564528,63081958.25,0,0,0,0,0,0,93869.746031746,UC7eHZXheF8nVOfwB2PEslMw
IN,IndiaTV,None,News & Politics,IndiaTV,31300000,Society,Society,117119044.807528,64,0.001283950,0.001847686,12862571203,19848.899894902,26043.565656566,28263.980099502,28229.901477833,27879.468599034,31288.762711864,57265.139364303,64.482667145,UCttspZesZIDEwwpVIgoZtWQ
IE,jacksepticeye,Gaming & Apps,Gaming,jacksepticeye,28500000,Gaming,"Gaming,Action game,Role-playing video game,Action-adventure game",641050483.441748,80,0.083391525,0.088538106,15393434205,2911652.64583333,,1084736,1569091.75,1630400.85714286,2131002.95,2383171.70731707,11206.263106796,UCYzPXprvl5Y-Sf0g4vX-m6g
Unknown,Jingle Toons,Music,Film & Animation,Jingle Toons,28100000,Movies,"Music,Movies,Music of Asia,Entertainment",17932525.0606061,61,0.522972361,0.006828294,9584699468,2320367,,,,,148557,112869.5,14.757575758,UCK9F8nycURBsR0YlrBsu1Ag
IN,Bollywood Classics,Music,Music,Bollywood Classics,30200000,Music,"Music,Music of Asia,Pop music",16021508.4864865,57,0.095138436,0.006336642,18875735928,471105.5,,,26000.5,365526.2,190716.727272727,181174.555555556,235.993993994,UCRm96I5kmb_iGFofE5N691w
US,Nicki Minaj,LifeStyle,Music,Nicki Minaj,24400000,Hip hop music,"Music,Hip hop music,Pop music",4117325,18,0.253982037,0.005766666,9310281416,7688954.25,0,0,0,0,0,0,7889.709677419,UC3jOd7GUMhpgJRBhiLzuLsg
US,Maluma,Unknown,Music,Maluma,28600000,Hip hop music,"Music,Hip hop music,Music of Latin America,Pop music",3656173.33333333,57,0.821912229,0.006597151,19474056278,10280274.5,0,0,0,0,0,0,5869.851851852,UClZuKq2m0Qu-HkopkSBLpEw
PK,ARY Digital,None,Entertainment,ARY Digital,27500000,TV shows,"TV shows,Entertainment,Movies",118370187.771858,57,0.008613792,0.006875180,21016650850,91529.856346182,37460.515151515,73277.004975124,73277.004975124,73277.004975124,143855.457711443,186946.096774194,176.831514703,UC4JCksJF76g_MdzPVBJoC3Q
IN,Round2hell,Unknown,Comedy,Round2hell,26800000,Entertainment,"Entertainment,Movies",129404344.163265,46,1.960562613,1.519044268,2860744608,67512106.75,,,,,,38739754,67627.326530612,UCt4atlExw8aj3Bm79nv1fig
KR,1MILLION Dance Studio,Gaming & Apps,Entertainment,1MILLION Dance Studio,25400000,Music of Latin America,"Music,Rhythm and blues,Hip hop music,Music of Asia,Music of Latin America,Pop music,Lifestyle,Performing arts",60861831.9867032,73,0.012727913,0.004371917,7349396106,274656.611607143,7727.666666667,28123.8,36119.653846154,50929.9,81090.158878505,96004.330434783,244.935080172,UCw8ZhLPdQ0u_Y-TLKd61hGA
US,Daddy Yankee,Music,Music,Daddy Yankee,36600000,Pop music,"Music,Hip hop music,Electronic music,Music of Latin America,Pop music",188506752.484848,72,1.733848591,0.015699777,20194962867,34904111.25,,,,,70521,98956,17001.939393939,UC9TO_oo4c_LrOiKNaY6aysA
CO,Karolgmusic,Gaming & Apps,Music,Karolgmusic,27100000,Music,"Music,Hip hop music,Electronic music,Music of Latin America,Pop music",14238429.2307692,50,0.292203884,0.004753667,13680917903,7236112,5644,5644,5644,5644,5644,5644,3576.064102564,UCZuPJZ2kGFdlbQu1qotZaHw
US,DisneyMusicVEVO,Music,Music,DisneyMusicVEVO,29700000,Movies,"Entertainment,Music,Pop music,Movies",90824434.5230924,74,0.155359311,0.012469911,24190969252,1395586.86666667,,,1766589,152790,155265.5,316188.72972973,2119.233935743,UCgwv23FVv3lqh567yagXfNg
Unknown,BANGTANTV,Music,Music,BANGTANTV,69100000,Pop music,"Entertainment,Music of Asia,Music,Pop music",1640737552.63845,70,0.100502939,0.137005819,17072262758,6365307.16071429,1411121,2239180.5,2239180.5,8688835.4,9949841.94594595,8488977.68,36254.372430472,UCLkAepWjdylmXSltofFvsYQ
Unknown,Mr. Bean,Gaming & Apps,Comedy,Mr. Bean,30500000,TV shows,"Humor,Movies,TV shows,Entertainment",20494341.2009926,68,0.027518247,0.011260289,9854766293,792897.3,34831,74868,137574.7,165268.5,394604.725,335381.135802469,223.444995864,UCkAGrHCLFmlK3H2kd6isipg
US,ZHC,Gaming & Apps,Howto & Style,ZHC,24200000,Technology,"Lifestyle,Technology,Hobby",149644392.20915,4,0.769713855,0.220372733,2186015533,26918269.5,,,,,,4778361,49103.751633987,UClQubH2NeMmGLTLgNdLBwXg
US,WORLDSTARHIPHOP,Music,Music,WORLDSTARHIPHOP,25900000,Music,"Music,Hip hop music",76997320.6383467,73,0.027336458,0.004375475,19330656067,419659.851010101,27424,23594.5,37450.111111111,42906.625,76166.964285714,99613.566666667,1250.104860314,UC-yXuc1__OzjwpsJPlxYUCQ
Unknown,Ariana Grande,Unknown,Pop music,Ariana Grande,51500000,Pop music,"Music,Pop music",44484407.7971014,33,0.241982910,0.006166562,21945548174,6972101,0,0,0,0,0,0,12890.231884058,UC9CoOnJkIBMdeijd9qYoT_g
PH,ABS-CBN Entertainment,None,Entertainment,ABS-CBN Entertainment,39800000,TV shows,"Entertainment,TV shows,Movies",240442177.417203,73,0.003950891,0.001973241,46854726788,140689.848552785,61180.931034483,77417.910447761,91141.235074627,84420.982658960,87304.362149533,76877.049504950,103.999813353,UCstEtN0pgOmCf02EdXsGChw
AE,shfa2 - شفا,Unknown,People & Blogs,shfa2 - شفا,35600000,Lifestyle,"Lifestyle,Hobby",33139055.2788388,25,0.151213503,0.027334773,20513944057,3087191.18095238,14977,258225.333333333,328154.9,381734.235294118,562335.617647059,947859.485714286,0,UCQ7x25F6YXY9DvGeHFxLhRQ
Unknown,whinderssonnunes,Gaming & Apps,Comedy,whinderssonnunes,43800000,Technology,"Lifestyle,Technology",196137065.681818,82,0.060472423,0.029082712,4101958915,2871914.5,888052,888052,888052,888052,888052,888052,8584.107954545,UC3KQ5GWANYF8lChqjZpXsQw
IN,Voot Kids,Unknown,Entertainment,Voot Kids,38100000,Entertainment,"Movies,TV shows,Entertainment",46360335.988121,51,0.098878382,0.120771069,17243982736,4136043.33333333,26555,1309208,1824388.51515152,1679224.02777778,2486546.25242718,3656633.9047619,18.612972973,UCJg19noZp7-BYIGvypu_cow
Unknown,Ultra Music,Music,Music,Ultra Music,28400000,Music,"Music,Pop music,Electronic music",28006627.7505882,75,0.037667750,0.001737469,16099481879,83082.5,,18182.5,17702.666666667,49058.333333333,38627.529411765,42361.851851852,253.965882353,UC4rasfm9J-X4jNl9SvXp8xA
SV,Fernanfloo,Gaming & Apps,Gaming,Fernanfloo,45100000,Action game,"Entertainment,Action game,Gaming,Action-adventure game",937427149.875,82,0.579284858,0.041704189,9934602477,30384570,0,0,0,0,0,0,148091.571428571,UCV4xOVpbcV8SdueDCOxLXtQ
ES,AuronPlay,Music,Comedy,AuronPlay,29100000,Entertainment,Entertainment,540482543.076923,72,0.504421920,0.047901023,3911652534,18172780,0,0,0,0,0,0,56091.692307692,UCyQqzYXQBUWgBTn4pw_fFSQ
IN,Shemaroo Filmi Gaane,Gaming & Apps,Music,Shemaroo Filmi Gaane,60700000,Entertainment,"Music,Movies,Music of Asia,Entertainment",12480195.2563971,71,0.005806078,0.001282439,28365791631,138098.611829347,8916.25,16766.818181818,24047.75,31639.225,38085.36,76050.697183099,60.742323439,UCP6uH_XlsxrXwZQ4DlqbqPg
US,Movieclips,Gaming & Apps,Film & Animation,Movieclips,57300000,Movies,"Entertainment,Movies",39953044.1499268,72,0.002600567,0.002025743,58434633172,81556.071356275,2206.2,2206.2,8792.666666667,35615.544117647,86779.782051282,114986.920634921,65.464594634,UC3gNmTGu-TTbFPpfSs5kNkg
ID,AH,Unknown,Entertainment,AH,29800000,Lifestyle,"Lifestyle,Technology",146509276.893204,55,0.057928287,0.032925007,4012190177,2120971.96969697,522267.5,739768.25,863344.125,924461.928571429,795235.5625,890826.246575342,7283.827669903,UCaKLg1ELiX0zTJ6Je3c5esA
US,5-Minute Crafts,Gaming & Apps,Howto & Style,5-Minute Crafts,77000000,Lifestyle,"Lifestyle,Hobby",158230212.505289,73,0.030060771,0.005156171,22655274758,2045771.36648746,60823,84666,112501.095238095,170384.585365854,216460.317647059,367451.012048193,726.312481112,UC295-Dw_tDNtZXFeAPAW6Aw
US,Marshmello,Music,Music,Marshmello,55500000,Electronic music,"Music,Hip hop music,Pop music,Electronic music",51156331.5149254,73,0.111447301,0.005434907,13279526225,2716910.5,,,,85746,162863.5,167606.5,5497.365671642,UCEdvpU2pFRCVqU6yIPyTpMQ
BY,A4,Beauty & Fashion,Gaming,A4,40600000,Lifestyle,"Entertainment,Lifestyle,Technology,Movies",766852537.960217,61,0.466893403,0.285831609,15999397373,22298424.9375,,6596001,7241542.25,8166221.75,9195432.11764706,10282514.6363636,97244.645569620,UC2tsySbe9TNrI-xh2lximHA
IN,ABP NEWS,None,People & Blogs,ABP NEWS,32900000,Society,Society,74402420.4634429,62,0.000889184,0.000641280,10255466904,15583.363197071,9667.796460177,11826.11,14875.607142857,16760.5,25158.514370664,20690.327577450,70.351423171,UCRWFSbif-RFENbBrSiez1DA
US,Like Nastya,Unknown,People & Blogs,Like Nastya,97300000,Hobby,"Lifestyle,Hobby",280877652.391304,79,1.026760674,0.231388060,80111555805,138163704.5,,3946868,5829929,9480138.25,13756907.6666667,22108751.0526316,0.292490119,UCJplp5SjeGSdVdwsfb9Q7lQ
IN,infobells - Tamil,Gaming & Apps,Education,infobells - Tamil,26800000,Music,"Entertainment,Music,Movies",33809680.2439024,54,0.735438900,0.116453346,16380874723,10500117.75,,,681903,735176.5,759345.75,3046642.625,0.062717770,UCHcn4Ux-sO9nzNu7rDsoQLg
Unknown,Sony PAL,Gaming & Apps,Shows,Sony PAL,27600000,Movies,"Entertainment,Movies,TV shows",23853961.65625,54,0.007763552,0.042975456,18869521551,82943.937123746,,,,,930308,1184582.6,52.092122396,UCw7xjxzbMwgBSmbeYwqYRMg
ID,Jess No Limit,Unknown,Gaming,Jess No Limit,24700000,Role-playing video game,"Role-playing video game,Action game,Strategy video game,Gaming",118370103.305052,65,0.051573149,0.047493028,3046560972,1522567.44545455,58818,135974,197834.833333333,392787.454545455,683036.461538462,1092899.21153846,17449.325777202,UCvh1at6xpV1ytYOAzxmqUsA
US,Little Baby Bum - Nursery Rhymes & Kids Songs,Music,Education,Little Baby Bum - Nursery Rhymes & Kids Songs,39200000,Entertainment,"Entertainment,Music,Movies",5749294.19381788,78,0.022178929,0.018421893,36748994170,792125.333333333,25032.5,69746.75,268456.05,410841.634146341,426330.287878788,719102.049586777,11.811194653,UCKAqou7V9FAWXpZd9xtOg3Q
IN,Jkk Entertainment,Unknown,Comedy,Jkk Entertainment,35300000,Movies,"Humor,Movies,Entertainment",57770963.7295082,66,2.023618174,0.294593959,14926283850,95969313,,1545877,1545877,1545877,2765762.5,9916138.25,3806.336065574,UC5tuYcCdiKuF5Y2ZonuarwA
NL,Spinnin' Records,Music,Music,Spinnin' Records,29600000,Music,"Music,Pop music,Electronic music",78661903.4132029,80,0.011250173,0.004569143,19930956697,233858,12603.75,23598.75,50826.416666667,70718.260869565,98145.428571429,127746.98989899,189.070450098,UCpDJl2EmP7Oh90Vylx0dZtA
Unknown,Shawn Mendes,Music,Music,Shawn Mendes,29400000,Music,"Music,Pop music",15433637.0823529,55,0.068300120,0.015758675,11620379993,2417156.75,,,,,,340876.5,4614.517647059,UCAvCL8hyXjSUHKEGuUPr1BA
IN,Desi Music Factory,Music,Music,Desi Music Factory,32800000,Music,"Music,Music of Asia,Pop music",168803623.831776,52,2.765772050,0.348364789,9383986010,135941380,,,,8214380.5,8214380.5,9912644,93619.130841121,UCLtNvbkqea8wN_kGtfgx_Mw
US,Netflix,None,Entertainment,Netflix,24000000,TV shows,"Entertainment,TV shows,Movies",106820094.871873,63,0.030719786,0.042711785,5551273418,691757.513157895,21786,86328.5,273454.5,278023.142857143,676167.151898734,1004603.91954023,1311.491066871,UCWOA1ZGywLbqmigxE4Qlvuw
US,Dude Perfect,Gaming & Apps,Sports,Dude Perfect,57800000,Lifestyle,Lifestyle,244293352.896266,82,0.903419027,0.438510920,14560770809,62768767.25,,,7017878,7017878,33821451.6666667,24476021.4,36144.078838174,UCRijo3ddMTht_IHyNSNXpNQ
MX,GENIAL,Unknown,Howto & Style,GENIAL,31300000,Entertainment,"Entertainment,Lifestyle,Knowledge",43213041.976909,62,0.007746011,0.003496135,6299463830,247359.294444444,21339.666666667,25252.7,33528.434782609,46330.977777778,89081.414141414,100895.882926829,481.517449488,UCbrd1vu4_7qIE6IPV_dA-OA
US,Pinkfong Baby Shark - Kids' Songs & Stories,Music,Education,Pinkfong Baby Shark - Kids' Songs & Stories,58700000,Music,"Entertainment,Music,Movies",17219955.0035149,67,0.034736166,0.016045796,31514954950,1353212.72727273,8062,91807.25,152501.888888889,188689.0625,903627.5,934502.189873418,5.004393673,UCcdwLMPsaU2ezNSJU1nFoBQ
Unknown,CVS 3D Rhymes,Music,Education,CVS 3D Rhymes,30200000,Entertainment,"Entertainment,Music,Movies",64572189.24,74,2.264813582,0.006325893,18480005078,73079274,0,0,0,0,0,0,0,UCsPF3cApzCohxPp5oKdoWSQ
US,Billie Eilish,Gaming & Apps,Music,Billie Eilish,45900000,Music,"Independent music,Music,Pop music",37371320.8214286,16,0.563128466,0.018509838,11810491835,18540721.25,0,0,0,0,0,0,37181.535714286,UCiGm_E4ZwYSHV3bcW1pnSeQ
US,Katy Perry,Gaming & Apps,Music,Katy Perry,43000000,Music,"Music,Pop music",5322828.25862069,57,0.032802965,0.003661531,23815643998,1049132,,,,,,109411.25,2540.344827586,UCYvmuw-JtVrTZQ-7Y4kd63Q
IN,YRF,Gaming & Apps,Music,YRF,46900000,Music of Asia,"Music,Movies,Music of Asia,Entertainment",230841570.379464,72,0.113966910,0.079617761,28692968075,1160703,123821.666666667,122221.777777778,1537511.53846154,4243331.82142857,2825437.06818182,3650802.25581395,3818.832589286,UCbTLwN10NoCU4WDzLf1JMOA
US,Kimberly Loaiza,Gaming & Apps,People & Blogs,Kimberly Loaiza,36900000,Lifestyle,"Lifestyle,Technology",240742149.418605,69,0.543247869,0.282676026,4188413314,25171683.25,,,6833904,7232641,6437136,9154056.16666667,96580.604651163,UCQZfFRohQ7UX-0CdXl-6pwQ
US,TheDonato,Unknown,Entertainment,TheDonato,27000000,Action game,"Gaming,Action game",494765339.68543,63,0.070371529,0.027270834,4997475333,2735315.35,,61288.428571429,188801.933333333,344960.346153846,430072.780487805,526603.147727273,7351.350441501,UCaHEdZtk6k7SVP-umnzifmQ
US,Like Nastya Show,Unknown,Entertainment,Like Nastya Show,41300000,Lifestyle,"Music,Lifestyle,Hobby",39269151.5953307,80,0.379553511,0.008066786,18673777146,15267910.6666667,,17459,233881,144042,164313.692307692,266031.5,0,UCS94J1s6-qc8v7btCdS2pNg
US,Maria Clara & JP,Gaming & Apps,People & Blogs,Maria Clara & JP,32700000,Hobby,"Lifestyle,Hobby",123083709.248148,54,0.737680510,0.135514778,19887856663,32027381.1666667,,495461,2164277.5,2467280,3015966.5,4232483.76923077,6.637037037,UCKe6w0exI94U-RzqAyoY1VA
IN,Zee News,Gaming & Apps,News & Politics,Zee News,26200000,Society,Society,324850950.015433,59,0.004376617,0.009015710,11593253864,65172.486121517,93759.236559140,112177.572139303,111561.048543689,112716.873831776,201981.565326633,233677.688946015,238.931822780,UCIvaYmXn910QMdemBG3v1pQ
Unknown,elrubiusOMG,Gaming & Apps,Comedy,elrubiusOMG,40400000,Action game,"Gaming,Action game,Action-adventure game,Role-playing video game",814895442.987805,83,0.307425490,0.029883825,7469679920,16593905,0,0,0,0,0,0,51426.463414634,UCXazgXDIYyWH-yXLAkcrFxw
MX,Badabun,Beauty & Fashion,Entertainment,Badabun,45600000,Entertainment,"Entertainment,Lifestyle,Society",288740569.40625,68,0.015390894,0.000954648,18491954095,196296.834586466,3937.684210526,4601.830769231,4961.656976744,5286.715686275,6600.899262899,19564.105328377,1516.981331169,UCYWOjHweP2V-8kGKmmAmQJQ
IN,zeetv,Gaming & Apps,Entertainment,zeetv,62100000,TV shows,"TV shows,Movies,Entertainment",37475050.785922,75,0.001587676,0.005464213,16034166113,24789.703398534,,222143.578947368,246071.78,329388.528,315080.816608997,338680.529017857,16.453028571,UCppHT7SZKKvar4Oc9J4oljQ
BR,Você Sabia?,Gaming & Apps,Entertainment,Você Sabia?,43100000,Entertainment,"Entertainment,Lifestyle",449621753.448223,75,0.065984679,0.038639857,7206933910,3441983.4,,773250,650360,624975.333333333,994299.5,1300165.18181818,13671.029366306,UCj0O6W8yDuLg3iraAXKgCrQ
IE,Lucas and Marcus,Gaming & Apps,Entertainment,Lucas and Marcus,24900000,Technology,"Lifestyle,Technology,Entertainment",113049177.748333,71,0.140252152,0.213378694,7246179800,4032755,159831,309787,1264396.6,1445698.55555556,3365219.52631579,5188329.92105263,5423.438333333,UCwD4x63A9KC7Si2RuSfg-SA
Unknown,One Direction,Gaming & Apps,Music,One Direction,37200000,Music,"Music,Pop music",18852717,33,0.148820120,0.003348267,12577465005,1374397,0,0,0,0,0,0,4474.54,UCb2HGwORFBo94DmRx4oLzow
IN,Ultra Bollywood,Gaming & Apps,Entertainment,Ultra Bollywood,32700000,Movies,"Movies,Entertainment",20774265.9699666,68,0.013969977,0.033139709,15170479664,213737.67481203,44195,219203.25,92666.692307692,217589.4,455591.8,1077979.0625,60.511679644,UCmL1WlDI8UkXDXCXcBQN9CA
US,DanTDM,Gaming & Apps,Gaming,DanTDM,26100000,Role-playing video game,"Role-playing video game,Gaming,Action game,Action-adventure game",327301869.166403,79,0.130945351,0.048983584,18742286029,3750864.875,109508,109508,643622.5,643622.5,1064335.16666667,1173282.85714286,13967.437400951,UCS5Oz6CHmeoF7vSad0qqXfw
US,Little Angel: Nursery Rhymes & Kids Songs,Gaming & Apps,Film & Animation,Little Angel: Nursery Rhymes & Kids Songs,27400000,Movies,"Music,Movies,Entertainment",78794486.292804,38,0.611085947,0.076389596,19886812585,18520854.1,30474,156583.5,411448.75,501290.142857143,784248.866666667,2015581.92307692,0.781637717,UCNzsYU0aWwjERj-9Y9HUEng
PR,Bad Bunny,Music,Music,Bad Bunny,41600000,Music,"Music,Hip hop music,Music of Latin America",138038669.545455,68,2.614865241,1.324981013,22382018623,127605799,,,,68777316,68777316,53835227.9583333,29218.494949495,UCmBA_wu8xGg1OfOkfW13Q0Q
IN,Geet MP3,Unknown,Music,Geet MP3,32600000,Movies,"Music,Hip hop music,Music of Asia,Movies",102193367.222222,70,0.319854763,0.063739043,11439441774,7285620.33333333,,942012,535963.571428571,930028,2231313.15789474,1877587.29032258,14499.4,UClZF7OsrECe3t_ADrjZEh_Q
Unknown,Drake,Gaming & Apps,Music,Drake,26600000,Pop music,"Music,Hip hop music,Pop music",7434135.41176471,50,0.461379093,0.213487666,12642399087,17163211.5,,5510747,5510747,5510747,5510747,5510747,6409.431372549,UCByOQJjav0CUDwxCk-jVNRQ
Unknown,jypentertainment,Gaming & Apps,Music,jypentertainment,24800000,Pop music,"Music,Music of Asia,Pop music",397504868.101695,71,0.299767149,0.361817242,16778291814,2353376.16666667,,275074,308616,9813003.57142857,8666140.11111111,8666140.11111111,38524.477657935,UCaO6TYtlC8U5ttz62hTrZgg
US,David Guetta,Gaming & Apps,Music,David Guetta,24200000,Electronic music,"Music,Hip hop music,Pop music,Electronic music",27690147.76,79,0.121625432,0.049178565,15826729467,2730757,,,,73859,150535,1144851.42857143,1386.875,UC1l7wYrva1qCH-wgqcHaaRg
US,TheEllenShow,None,Entertainment,TheEllenShow,38300000,Entertainment,"Entertainment,TV shows,Movies",167231088.84348,81,0.014573094,0.012330093,22274035516,383303.093645485,,12162.8,13738.047619048,41222.105263158,61318.821917808,460233.900990099,332.965470241,UCp0hYYBW6IMayGgR-WeoCvQ
IN,Eros Now,Gaming & Apps,Entertainment,Eros Now,30700000,Entertainment,"Music,Movies,Music of Asia,Entertainment",24201444.6888218,74,0.008533923,0.000762590,16411208086,46730,,6564.5,10612.571428571,13546.875,16167.657142857,20762.015625,95.598187311,UCX52tYZiEh_mHoFja3Veciw
US,JuegaGerman,Gaming & Apps,Gaming,JuegaGerman,45900000,Gaming,"Gaming,Action game,Action-adventure game,Entertainment",641782272.754717,82,0.095303022,0.065353353,13594315965,5479511.75,,,3191661.66666667,2530465.14285714,2008041.57142857,2644449.71428571,25812.188679245,UCYiGq8XF7YQD00x7wAd62Zg
US,VanossGaming,Gaming & Apps,Gaming,VanossGaming,25700000,Gaming,"Gaming,Action game,Role-playing video game,Action-adventure game",124485316.50655,81,0.091913004,0.052976501,14814514676,2925753.9375,485906,678235,827726.5,1083820.85714286,1156336.73333333,1280756.87096774,1145.008733624,UCKqH_9mk1waLgBiL2vT5b9g
AE,shfa,LifeStyle,People & Blogs,shfa,35600000,Food,"Lifestyle,Hobby,Food",100292545.15,28,0.532343734,0.120188531,18836836311,20460783.2,77867,893310.5,1768163,2579782.42857143,3213024.78571429,4158019.92857143,2.779629630,UCwHE1kM1CPJd_pI9FQ0-4dg
